{
  "overall": {
    "Macro_Average_Recall": 0.6396650635750893,
    "ExactMatch": 0.12272727272727273,
    "F1": 0.44932269255621826,
    "Bleu1": 0.3532695538778001,
    "total_questions": 1540
  },
  "per_category": {
    "1": {
      "Recall": 0.3793140100950853,
      "ExactMatch": 0.031914893617021274,
      "F1": 0.31462828807703963,
      "Bleu1": 0.21765651502436298,
      "count": 282
    },
    "2": {
      "Recall": 0.7419522326064382,
      "ExactMatch": 0.04984423676012461,
      "F1": 0.4338937079896043,
      "Bleu1": 0.32345601075187386,
      "count": 321
    },
    "3": {
      "Recall": 0.29983660130718953,
      "ExactMatch": 0.08333333333333333,
      "F1": 0.19370278339906752,
      "Bleu1": 0.14480643972527904,
      "count": 96
    },
    "4": {
      "Recall": 0.7267142290923503,
      "ExactMatch": 0.18549346016646848,
      "F1": 0.529555792898786,
      "Bleu1": 0.4339181665516802,
      "count": 841
    }
  }
}