{
  "overall": {
    "Macro_Average_Recall": 0.6416131155231414,
    "ExactMatch": 0.13636363636363635,
    "F1": 0.47133343920622583,
    "Bleu1": 0.37579850609356114,
    "total_questions": 1540
  },
  "per_category": {
    "1": {
      "Recall": 0.3793140100950853,
      "ExactMatch": 0.03900709219858156,
      "F1": 0.33142060430947373,
      "Bleu1": 0.23987204661581993,
      "count": 282
    },
    "2": {
      "Recall": 0.7419522326064382,
      "ExactMatch": 0.056074766355140186,
      "F1": 0.4517023527588343,
      "Bleu1": 0.3356500702185811,
      "count": 321
    },
    "3": {
      "Recall": 0.29983660130718953,
      "ExactMatch": 0.07291666666666667,
      "F1": 0.17808682199347084,
      "Bleu1": 0.14252891863648307,
      "count": 96
    },
    "4": {
      "Recall": 0.7302814110186285,
      "ExactMatch": 0.20689655172413793,
      "F1": 0.5592153339064911,
      "Bleu1": 0.463328577299828,
      "count": 841
    }
  }
}